{"textures":{"0":"shadow:entity/shadow_boss"},"elements":[{"from":[7.5,7.0,7.5],"to":[8.5,29.0,8.5],"faces":{"east":{"uv":[4.75,13.40625,4.78125,14.09375],"tintindex":0,"rotation":0,"texture":"#0"},"south":{"uv":[4.84375,13.40625,4.875,14.09375],"tintindex":0,"rotation":0,"texture":"#0"},"north":{"uv":[4.78125,13.40625,4.8125,14.09375],"tintindex":0,"rotation":0,"texture":"#0"},"west":{"uv":[4.8125,13.40625,4.84375,14.09375],"tintindex":0,"rotation":0,"texture":"#0"},"up":{"uv":[4.8125,13.40625,4.78125,13.375],"tintindex":0,"rotation":0,"texture":"#0"},"down":{"uv":[4.84375,13.375,4.8125,13.40625],"tintindex":0,"rotation":0,"texture":"#0"}}}],"display":{"gui":{"rotation":[30,225,0]}}}