{"textures":{"0":"shadow:entity/shadow_boss"},"elements":[{"from":[7.5,7.0,7.5],"to":[8.5,29.0,8.5],"faces":{"east":{"uv":[5.21875,13.46875,5.25,14.15625],"tintindex":0,"rotation":0,"texture":"#0"},"south":{"uv":[5.3125,13.46875,5.34375,14.15625],"tintindex":0,"rotation":0,"texture":"#0"},"north":{"uv":[5.25,13.46875,5.28125,14.15625],"tintindex":0,"rotation":0,"texture":"#0"},"west":{"uv":[5.28125,13.46875,5.3125,14.15625],"tintindex":0,"rotation":0,"texture":"#0"},"up":{"uv":[5.28125,13.46875,5.25,13.4375],"tintindex":0,"rotation":0,"texture":"#0"},"down":{"uv":[5.3125,13.4375,5.28125,13.46875],"tintindex":0,"rotation":0,"texture":"#0"}}}],"display":{"gui":{"rotation":[30,225,0]}}}