{"textures":{"0":"shadow:entity/shadow_boss"},"elements":[{"from":[3.5,3.5,-11.75],"to":[12.5,12.5,-2.75],"faces":{"east":{"uv":[10.625,3.0625,10.90625,3.34375],"tintindex":0,"rotation":0,"texture":"#0"},"south":{"uv":[11.46875,3.0625,11.75,3.34375],"tintindex":0,"rotation":0,"texture":"#0"},"north":{"uv":[10.90625,3.0625,11.1875,3.34375],"tintindex":0,"rotation":0,"texture":"#0"},"west":{"uv":[11.1875,3.0625,11.46875,3.34375],"tintindex":0,"rotation":0,"texture":"#0"},"up":{"uv":[11.1875,3.0625,10.90625,2.78125],"tintindex":0,"rotation":0,"texture":"#0"},"down":{"uv":[11.46875,2.78125,11.1875,3.0625],"tintindex":0,"rotation":0,"texture":"#0"}}}],"display":{"gui":{"rotation":[30,225,0]}}}