{"textures":{"0":"shadow:entity/shadow_boss"},"elements":[{"from":[4.51,4.51,5.01],"to":[11.49,11.49,7.99],"faces":{"east":{"uv":[12.375,6.71875,12.46875,6.9375],"tintindex":0,"rotation":0,"texture":"#0"},"south":{"uv":[12.78125,6.71875,13.0,6.9375],"tintindex":0,"rotation":0,"texture":"#0"},"north":{"uv":[12.46875,6.71875,12.6875,6.9375],"tintindex":0,"rotation":0,"texture":"#0"},"west":{"uv":[12.6875,6.71875,12.78125,6.9375],"tintindex":0,"rotation":0,"texture":"#0"},"up":{"uv":[12.6875,6.71875,12.46875,6.625],"tintindex":0,"rotation":0,"texture":"#0"},"down":{"uv":[12.90625,6.625,12.6875,6.71875],"tintindex":0,"rotation":0,"texture":"#0"}}}],"display":{"gui":{"rotation":[30,225,0]}}}