{"textures":{"0":"shadow:entity/shadow_boss"},"elements":[{"from":[6.0,-6.0,-2.0],"to":[10.0,-2.0,6.0],"faces":{"east":{"uv":[8.90625,11.90625,9.15625,12.03125],"tintindex":0,"rotation":0,"texture":"#0"},"south":{"uv":[9.53125,11.90625,9.65625,12.03125],"tintindex":0,"rotation":0,"texture":"#0"},"north":{"uv":[9.15625,11.90625,9.28125,12.03125],"tintindex":0,"rotation":0,"texture":"#0"},"west":{"uv":[9.28125,11.90625,9.53125,12.03125],"tintindex":0,"rotation":0,"texture":"#0"},"up":{"uv":[9.28125,11.90625,9.15625,11.65625],"tintindex":0,"rotation":0,"texture":"#0"},"down":{"uv":[9.40625,11.65625,9.28125,11.90625],"tintindex":0,"rotation":0,"texture":"#0"}}},{"from":[6.0,-2.0,-2.0],"to":[10.0,4.0,2.0],"faces":{"east":{"uv":[12.0,8.875,12.125,9.0625],"tintindex":0,"rotation":0,"texture":"#0"},"south":{"uv":[12.375,8.875,12.5,9.0625],"tintindex":0,"rotation":0,"texture":"#0"},"north":{"uv":[12.125,8.875,12.25,9.0625],"tintindex":0,"rotation":0,"texture":"#0"},"west":{"uv":[12.25,8.875,12.375,9.0625],"tintindex":0,"rotation":0,"texture":"#0"},"up":{"uv":[12.25,8.875,12.125,8.75],"tintindex":0,"rotation":0,"texture":"#0"},"down":{"uv":[12.375,8.75,12.25,8.875],"tintindex":0,"rotation":0,"texture":"#0"}}},{"from":[6.0,4.0,-2.0],"to":[10.0,8.0,8.0],"faces":{"east":{"uv":[8.875,11.53125,9.1875,11.65625],"tintindex":0,"rotation":0,"texture":"#0"},"south":{"uv":[9.625,11.53125,9.75,11.65625],"tintindex":0,"rotation":0,"texture":"#0"},"north":{"uv":[9.1875,11.53125,9.3125,11.65625],"tintindex":0,"rotation":0,"texture":"#0"},"west":{"uv":[9.3125,11.53125,9.625,11.65625],"tintindex":0,"rotation":0,"texture":"#0"},"up":{"uv":[9.3125,11.53125,9.1875,11.21875],"tintindex":0,"rotation":0,"texture":"#0"},"down":{"uv":[9.4375,11.21875,9.3125,11.53125],"tintindex":0,"rotation":0,"texture":"#0"}}}],"display":{"gui":{"rotation":[30,225,0]}}}