{"textures":{"0":"shadow:entity/shadow_boss"},"elements":[{"from":[8.0,5.0,4.0],"to":[14.0,11.0,12.0],"faces":{"east":{"uv":[7.875,11.65625,8.125,11.84375],"tintindex":0,"rotation":0,"texture":"#0"},"south":{"uv":[8.5625,11.65625,8.75,11.84375],"tintindex":0,"rotation":0,"texture":"#0"},"north":{"uv":[8.125,11.65625,8.3125,11.84375],"tintindex":0,"rotation":0,"texture":"#0"},"west":{"uv":[8.3125,11.65625,8.5625,11.84375],"tintindex":0,"rotation":0,"texture":"#0"},"up":{"uv":[8.3125,11.65625,8.125,11.40625],"tintindex":0,"rotation":0,"texture":"#0"},"down":{"uv":[8.5,11.40625,8.3125,11.65625],"tintindex":0,"rotation":0,"texture":"#0"}}},{"from":[12.0,3.0,5.0],"to":[15.0,6.0,11.0],"faces":{"east":{"uv":[0.75,10.8125,0.9375,10.90625],"tintindex":0,"rotation":0,"texture":"#0"},"south":{"uv":[1.21875,10.8125,1.3125,10.90625],"tintindex":0,"rotation":0,"texture":"#0"},"north":{"uv":[0.9375,10.8125,1.03125,10.90625],"tintindex":0,"rotation":0,"texture":"#0"},"west":{"uv":[1.03125,10.8125,1.21875,10.90625],"tintindex":0,"rotation":0,"texture":"#0"},"up":{"uv":[1.03125,10.8125,0.9375,10.625],"tintindex":0,"rotation":0,"texture":"#0"},"down":{"uv":[1.125,10.625,1.03125,10.8125],"tintindex":0,"rotation":0,"texture":"#0"}}}],"display":{"gui":{"rotation":[30,225,0]}}}