{"textures":{"0":"shadow:entity/shadow_boss"},"elements":[{"from":[8.0,7.0,3.0],"to":[14.0,8.0,9.0],"faces":{"east":{"uv":[11.75,9.9375,11.9375,9.96875],"tintindex":0,"rotation":0,"texture":"#0"},"south":{"uv":[12.3125,9.9375,12.5,9.96875],"tintindex":0,"rotation":0,"texture":"#0"},"north":{"uv":[11.9375,9.9375,12.125,9.96875],"tintindex":0,"rotation":0,"texture":"#0"},"west":{"uv":[12.125,9.9375,12.3125,9.96875],"tintindex":0,"rotation":0,"texture":"#0"},"up":{"uv":[12.125,9.9375,11.9375,9.75],"tintindex":0,"rotation":0,"texture":"#0"},"down":{"uv":[12.3125,9.75,12.125,9.9375],"tintindex":0,"rotation":0,"texture":"#0"}}},{"from":[14.0,8.0,9.0],"to":[8.0,7.0,3.0],"faces":{"east":{"uv":[12.125,9.96875,12.3125,9.9375],"tintindex":0,"rotation":0,"texture":"#0"},"south":{"uv":[11.9375,9.96875,12.125,9.9375],"tintindex":0,"rotation":0,"texture":"#0"},"north":{"uv":[12.3125,9.96875,12.5,9.9375],"tintindex":0,"rotation":0,"texture":"#0"},"west":{"uv":[11.75,9.96875,11.9375,9.9375],"tintindex":0,"rotation":0,"texture":"#0"},"up":{"uv":[12.125,9.75,12.3125,9.9375],"tintindex":0,"rotation":0,"texture":"#0"},"down":{"uv":[11.9375,9.9375,12.125,9.75],"tintindex":0,"rotation":0,"texture":"#0"}}}],"display":{"gui":{"rotation":[30,225,0]}}}