{"textures":{"0":"shadow:entity/shadow_boss"},"elements":[{"from":[10.0,3.0,10.0],"to":[6.0,1.0,6.0],"faces":{"east":{"uv":[11.59375,7.09375,11.84375,6.96875],"tintindex":0,"rotation":0,"texture":"#0"},"south":{"uv":[11.34375,7.09375,11.59375,6.96875],"tintindex":0,"rotation":0,"texture":"#0"},"north":{"uv":[11.84375,7.09375,12.09375,6.96875],"tintindex":0,"rotation":0,"texture":"#0"},"west":{"uv":[11.09375,7.09375,11.34375,6.96875],"tintindex":0,"rotation":0,"texture":"#0"},"up":{"uv":[11.59375,6.71875,11.84375,6.96875],"tintindex":0,"rotation":0,"texture":"#0"},"down":{"uv":[11.34375,6.96875,11.59375,6.71875],"tintindex":0,"rotation":0,"texture":"#0"}}},{"from":[7.25,-5.0,7.25],"to":[8.75,3.0,8.75],"faces":{"east":{"uv":[6.59375,12.0625,6.6875,12.5625],"tintindex":0,"rotation":0,"texture":"#0"},"south":{"uv":[6.875,12.0625,6.96875,12.5625],"tintindex":0,"rotation":0,"texture":"#0"},"north":{"uv":[6.6875,12.0625,6.78125,12.5625],"tintindex":0,"rotation":0,"texture":"#0"},"west":{"uv":[6.78125,12.0625,6.875,12.5625],"tintindex":0,"rotation":0,"texture":"#0"},"up":{"uv":[6.78125,12.0625,6.6875,11.96875],"tintindex":0,"rotation":0,"texture":"#0"},"down":{"uv":[6.875,11.96875,6.78125,12.0625],"tintindex":0,"rotation":0,"texture":"#0"}}},{"from":[6.0,3.0,6.0],"to":[10.0,8.0,10.0],"faces":{"east":{"uv":[8.1875,11.09375,8.4375,11.40625],"tintindex":0,"rotation":0,"texture":"#0"},"south":{"uv":[8.9375,11.09375,9.1875,11.40625],"tintindex":0,"rotation":0,"texture":"#0"},"north":{"uv":[8.4375,11.09375,8.6875,11.40625],"tintindex":0,"rotation":0,"texture":"#0"},"west":{"uv":[8.6875,11.09375,8.9375,11.40625],"tintindex":0,"rotation":0,"texture":"#0"},"up":{"uv":[8.6875,11.09375,8.4375,10.84375],"tintindex":0,"rotation":0,"texture":"#0"},"down":{"uv":[8.9375,10.84375,8.6875,11.09375],"tintindex":0,"rotation":0,"texture":"#0"}}},{"from":[6.0,1.0,6.0],"to":[10.0,3.0,10.0],"faces":{"east":{"uv":[11.09375,6.96875,11.34375,7.09375],"tintindex":0,"rotation":0,"texture":"#0"},"south":{"uv":[11.84375,6.96875,12.09375,7.09375],"tintindex":0,"rotation":0,"texture":"#0"},"north":{"uv":[11.34375,6.96875,11.59375,7.09375],"tintindex":0,"rotation":0,"texture":"#0"},"west":{"uv":[11.59375,6.96875,11.84375,7.09375],"tintindex":0,"rotation":0,"texture":"#0"},"up":{"uv":[11.59375,6.96875,11.34375,6.71875],"tintindex":0,"rotation":0,"texture":"#0"},"down":{"uv":[11.84375,6.71875,11.59375,6.96875],"tintindex":0,"rotation":0,"texture":"#0"}}}],"display":{"gui":{"rotation":[30,225,0]}}}