{"textures":{"0":"shadow:entity/shadow_boss"},"elements":[{"from":[6.5,6.5,-1.0],"to":[9.5,9.5,8.0],"faces":{"east":{"uv":[11.71875,11.9375,12.0,12.03125],"tintindex":0,"rotation":0,"texture":"#0"},"south":{"uv":[12.375,11.9375,12.46875,12.03125],"tintindex":0,"rotation":0,"texture":"#0"},"north":{"uv":[12.0,11.9375,12.09375,12.03125],"tintindex":0,"rotation":0,"texture":"#0"},"west":{"uv":[12.09375,11.9375,12.375,12.03125],"tintindex":0,"rotation":0,"texture":"#0"},"up":{"uv":[12.09375,11.9375,12.0,11.65625],"tintindex":0,"rotation":0,"texture":"#0"},"down":{"uv":[12.1875,11.65625,12.09375,11.9375],"tintindex":0,"rotation":0,"texture":"#0"}}},{"from":[6.5,0.5,-1.0],"to":[9.5,6.5,2.0],"faces":{"east":{"uv":[9.09375,1.15625,9.1875,1.34375],"tintindex":0,"rotation":0,"texture":"#0"},"south":{"uv":[9.375,1.15625,9.46875,1.34375],"tintindex":0,"rotation":0,"texture":"#0"},"north":{"uv":[9.1875,1.15625,9.28125,1.34375],"tintindex":0,"rotation":0,"texture":"#0"},"west":{"uv":[9.28125,1.15625,9.375,1.34375],"tintindex":0,"rotation":0,"texture":"#0"},"up":{"uv":[9.28125,1.15625,9.1875,1.0625],"tintindex":0,"rotation":0,"texture":"#0"},"down":{"uv":[9.375,1.0625,9.28125,1.15625],"tintindex":0,"rotation":0,"texture":"#0"}}}],"display":{"gui":{"rotation":[30,225,0]}}}