{"textures":{"0":"shadow:entity/shadow_boss"},"elements":[{"from":[2.5,7.5,16.5],"to":[13.5,8.5,17.5],"faces":{"east":{"uv":[0.0,2.21875,0.03125,2.25],"tintindex":0,"rotation":0,"texture":"#0"},"south":{"uv":[0.40625,2.21875,0.75,2.25],"tintindex":0,"rotation":0,"texture":"#0"},"north":{"uv":[0.03125,2.21875,0.375,2.25],"tintindex":0,"rotation":0,"texture":"#0"},"west":{"uv":[0.375,2.21875,0.40625,2.25],"tintindex":0,"rotation":0,"texture":"#0"},"up":{"uv":[0.375,2.21875,0.03125,2.1875],"tintindex":0,"rotation":0,"texture":"#0"},"down":{"uv":[0.71875,2.1875,0.375,2.21875],"tintindex":0,"rotation":0,"texture":"#0"}}},{"from":[1.5,7.5,7.5],"to":[2.5,8.5,18.5],"faces":{"east":{"uv":[8.40625,11.84375,8.75,11.875],"tintindex":0,"rotation":0,"texture":"#0"},"south":{"uv":[9.125,11.84375,9.15625,11.875],"tintindex":0,"rotation":0,"texture":"#0"},"north":{"uv":[8.75,11.84375,8.78125,11.875],"tintindex":0,"rotation":0,"texture":"#0"},"west":{"uv":[8.78125,11.84375,9.125,11.875],"tintindex":0,"rotation":0,"texture":"#0"},"up":{"uv":[8.78125,11.84375,8.75,11.5],"tintindex":0,"rotation":0,"texture":"#0"},"down":{"uv":[8.8125,11.5,8.78125,11.84375],"tintindex":0,"rotation":0,"texture":"#0"}}},{"from":[13.5,7.5,7.5],"to":[14.5,8.5,18.5],"faces":{"east":{"uv":[4.25,9.9375,4.59375,9.96875],"tintindex":0,"rotation":0,"texture":"#0"},"south":{"uv":[4.96875,9.9375,5.0,9.96875],"tintindex":0,"rotation":0,"texture":"#0"},"north":{"uv":[4.59375,9.9375,4.625,9.96875],"tintindex":0,"rotation":0,"texture":"#0"},"west":{"uv":[4.625,9.9375,4.96875,9.96875],"tintindex":0,"rotation":0,"texture":"#0"},"up":{"uv":[4.625,9.9375,4.59375,9.59375],"tintindex":0,"rotation":0,"texture":"#0"},"down":{"uv":[4.65625,9.59375,4.625,9.9375],"tintindex":0,"rotation":0,"texture":"#0"}}},{"from":[2.5,6.5,6.5],"to":[13.5,9.5,9.5],"faces":{"east":{"uv":[2.0,6.84375,2.09375,6.9375],"tintindex":0,"rotation":0,"texture":"#0"},"south":{"uv":[2.53125,6.84375,2.875,6.9375],"tintindex":0,"rotation":0,"texture":"#0"},"north":{"uv":[2.09375,6.84375,2.4375,6.9375],"tintindex":0,"rotation":0,"texture":"#0"},"west":{"uv":[2.4375,6.84375,2.53125,6.9375],"tintindex":0,"rotation":0,"texture":"#0"},"up":{"uv":[2.4375,6.84375,2.09375,6.75],"tintindex":0,"rotation":0,"texture":"#0"},"down":{"uv":[2.78125,6.75,2.4375,6.84375],"tintindex":0,"rotation":0,"texture":"#0"}}}],"display":{"gui":{"rotation":[30,225,0]}}}