{"textures":{"0":"shadow:entity/shadow_boss"},"elements":[{"from":[5.5,0.0,6.0],"to":[10.5,1.0,9.0],"faces":{"east":{"uv":[6.4375,6.0625,6.53125,6.09375],"tintindex":0,"rotation":0,"texture":"#0"},"south":{"uv":[6.78125,6.0625,6.9375,6.09375],"tintindex":0,"rotation":0,"texture":"#0"},"north":{"uv":[6.53125,6.0625,6.6875,6.09375],"tintindex":0,"rotation":0,"texture":"#0"},"west":{"uv":[6.6875,6.0625,6.78125,6.09375],"tintindex":0,"rotation":0,"texture":"#0"},"up":{"uv":[6.6875,6.0625,6.53125,5.96875],"tintindex":0,"rotation":0,"texture":"#0"},"down":{"uv":[6.84375,5.96875,6.6875,6.0625],"tintindex":0,"rotation":0,"texture":"#0"}}},{"from":[4.5,1.0,2.0],"to":[11.5,8.0,8.0],"faces":{"east":{"uv":[11.1875,11.71875,11.375,11.9375],"tintindex":0,"rotation":0,"texture":"#0"},"south":{"uv":[11.78125,11.71875,12.0,11.9375],"tintindex":0,"rotation":0,"texture":"#0"},"north":{"uv":[11.375,11.71875,11.59375,11.9375],"tintindex":0,"rotation":0,"texture":"#0"},"west":{"uv":[11.59375,11.71875,11.78125,11.9375],"tintindex":0,"rotation":0,"texture":"#0"},"up":{"uv":[11.59375,11.71875,11.375,11.53125],"tintindex":0,"rotation":0,"texture":"#0"},"down":{"uv":[11.8125,11.53125,11.59375,11.71875],"tintindex":0,"rotation":0,"texture":"#0"}}}],"display":{"gui":{"rotation":[30,225,0]}}}