{"textures":{"0":"shadow:entity/shadow_boss"},"elements":[{"from":[10.121321,6.0,1.8796797],"to":[10.121321,8.0,5.8796797],"faces":{"east":{"uv":[0.5,3.34375,0.625,3.40625],"tintindex":0,"rotation":0,"texture":"#0"},"west":{"uv":[0.625,3.34375,0.75,3.40625],"tintindex":0,"rotation":0,"texture":"#0"}},"rotation":{"origin":[10.121321,9.0,5.8796797],"angle":-45.0,"axis":"y"}},{"from":[5.8794727,6.0,4.1218204],"to":[5.8794727,8.0,7.1218204],"faces":{"east":{"uv":[1.84375,3.34375,1.9375,3.40625],"tintindex":0,"rotation":0,"texture":"#0"},"west":{"uv":[1.9375,3.34375,2.03125,3.40625],"tintindex":0,"rotation":0,"texture":"#0"}},"rotation":{"origin":[5.87918,9.0,10.12182],"angle":-45.0,"axis":"y"}}],"display":{"gui":{"rotation":[30,225,0]}}}