{"textures":{"0":"shadow:entity/shadow_boss"},"elements":[{"from":[8.0,8.0,1.0],"to":[8.0,11.0,15.0],"faces":{"east":{"uv":[0.0,1.25,0.4375,1.34375],"tintindex":0,"rotation":0,"texture":"#0"},"west":{"uv":[0.4375,1.25,0.875,1.34375],"tintindex":0,"rotation":0,"texture":"#0"}},"rotation":{"origin":[8.0,8.0,8.0],"angle":-45.0,"axis":"z"}},{"from":[10.120613,10.121025,1.0],"to":[10.120613,18.121025,15.0],"faces":{"east":{"uv":[6.40625,7.03125,6.84375,7.28125],"tintindex":0,"rotation":0,"texture":"#0"},"west":{"uv":[6.84375,7.03125,7.28125,7.28125],"tintindex":0,"rotation":0,"texture":"#0"}},"rotation":{"origin":[10.120613,10.121025,8.0],"angle":-45.0,"axis":"z"}}],"display":{"gui":{"rotation":[30,225,0]}}}