{"textures":{"0":"shadow:entity/shadow_boss"},"elements":[{"from":[8.0,7.0,8.0],"to":[8.0,9.0,11.0],"faces":{"east":{"uv":[0.75,3.34375,0.84375,3.40625],"tintindex":0,"rotation":0,"texture":"#0"},"west":{"uv":[0.84375,3.34375,0.9375,3.40625],"tintindex":0,"rotation":0,"texture":"#0"}},"rotation":{"origin":[8.0,8.0,8.0],"angle":45.0,"axis":"y"}},{"from":[6.120613,7.0,14.121027],"to":[6.120613,9.0,22.121027],"faces":{"east":{"uv":[1.59375,3.28125,1.84375,3.34375],"tintindex":0,"rotation":0,"texture":"#0"},"west":{"uv":[1.84375,3.28125,2.09375,3.34375],"tintindex":0,"rotation":0,"texture":"#0"}},"rotation":{"origin":[6.120613,3.0,10.121027],"angle":45.0,"axis":"y"}}],"display":{"gui":{"rotation":[30,225,0]}}}