{"textures":{"0":"shadow:entity/shadow_boss"},"elements":[{"from":[7.25,-8.0,8.0],"to":[8.75,8.0,8.0],"faces":{"south":{"uv":[7.28125,11.40625,7.375,12.40625],"tintindex":0,"rotation":0,"texture":"#0"},"north":{"uv":[7.1875,11.40625,7.28125,12.40625],"tintindex":0,"rotation":0,"texture":"#0"}}},{"from":[8.004999,-8.0,7.25],"to":[8.004999,8.0,8.75],"faces":{"east":{"uv":[1.3125,11.28125,1.40625,12.28125],"tintindex":0,"rotation":0,"texture":"#0"},"west":{"uv":[1.40625,11.28125,1.5,12.28125],"tintindex":0,"rotation":0,"texture":"#0"}}}],"display":{"gui":{"rotation":[30,225,0]}}}