{"textures":{"0":"shadow:entity/shadow_boss"},"elements":[{"from":[6.0,-6.0,-2.0],"to":[10.0,-2.0,6.0],"faces":{"east":{"uv":[7.375,11.84375,7.625,11.96875],"tintindex":0,"rotation":0,"texture":"#0"},"south":{"uv":[8.0,11.84375,8.125,11.96875],"tintindex":0,"rotation":0,"texture":"#0"},"north":{"uv":[7.625,11.84375,7.75,11.96875],"tintindex":0,"rotation":0,"texture":"#0"},"west":{"uv":[7.75,11.84375,8.0,11.96875],"tintindex":0,"rotation":0,"texture":"#0"},"up":{"uv":[7.75,11.84375,7.625,11.59375],"tintindex":0,"rotation":0,"texture":"#0"},"down":{"uv":[7.875,11.59375,7.75,11.84375],"tintindex":0,"rotation":0,"texture":"#0"}}},{"from":[6.0,-2.0,-2.0],"to":[10.0,4.0,2.0],"faces":{"east":{"uv":[7.9375,3.3125,8.0625,3.5],"tintindex":0,"rotation":0,"texture":"#0"},"south":{"uv":[8.3125,3.3125,8.4375,3.5],"tintindex":0,"rotation":0,"texture":"#0"},"north":{"uv":[8.0625,3.3125,8.1875,3.5],"tintindex":0,"rotation":0,"texture":"#0"},"west":{"uv":[8.1875,3.3125,8.3125,3.5],"tintindex":0,"rotation":0,"texture":"#0"},"up":{"uv":[8.1875,3.3125,8.0625,3.1875],"tintindex":0,"rotation":0,"texture":"#0"},"down":{"uv":[8.3125,3.1875,8.1875,3.3125],"tintindex":0,"rotation":0,"texture":"#0"}}},{"from":[6.0,4.0,-2.0],"to":[10.0,8.0,8.0],"faces":{"east":{"uv":[11.125,11.40625,11.4375,11.53125],"tintindex":0,"rotation":0,"texture":"#0"},"south":{"uv":[11.875,11.40625,12.0,11.53125],"tintindex":0,"rotation":0,"texture":"#0"},"north":{"uv":[11.4375,11.40625,11.5625,11.53125],"tintindex":0,"rotation":0,"texture":"#0"},"west":{"uv":[11.5625,11.40625,11.875,11.53125],"tintindex":0,"rotation":0,"texture":"#0"},"up":{"uv":[11.5625,11.40625,11.4375,11.09375],"tintindex":0,"rotation":0,"texture":"#0"},"down":{"uv":[11.6875,11.09375,11.5625,11.40625],"tintindex":0,"rotation":0,"texture":"#0"}}}],"display":{"gui":{"rotation":[30,225,0]}}}