{"textures":{"0":"shadow:entity/shadow_boss"},"elements":[{"from":[6.5,0.5,-1.0],"to":[9.5,6.5,2.0],"faces":{"east":{"uv":[8.84375,0.09375,8.9375,0.28125],"tintindex":0,"rotation":0,"texture":"#0"},"south":{"uv":[9.125,0.09375,9.21875,0.28125],"tintindex":0,"rotation":0,"texture":"#0"},"north":{"uv":[8.9375,0.09375,9.03125,0.28125],"tintindex":0,"rotation":0,"texture":"#0"},"west":{"uv":[9.03125,0.09375,9.125,0.28125],"tintindex":0,"rotation":0,"texture":"#0"},"up":{"uv":[9.03125,0.09375,8.9375,0.0],"tintindex":0,"rotation":0,"texture":"#0"},"down":{"uv":[9.125,0.0,9.03125,0.09375],"tintindex":0,"rotation":0,"texture":"#0"}}},{"from":[6.5,6.5,-1.0],"to":[9.5,9.5,8.0],"faces":{"east":{"uv":[3.3125,9.28125,3.59375,9.375],"tintindex":0,"rotation":0,"texture":"#0"},"south":{"uv":[3.96875,9.28125,4.0625,9.375],"tintindex":0,"rotation":0,"texture":"#0"},"north":{"uv":[3.59375,9.28125,3.6875,9.375],"tintindex":0,"rotation":0,"texture":"#0"},"west":{"uv":[3.6875,9.28125,3.96875,9.375],"tintindex":0,"rotation":0,"texture":"#0"},"up":{"uv":[3.6875,9.28125,3.59375,9.0],"tintindex":0,"rotation":0,"texture":"#0"},"down":{"uv":[3.78125,9.0,3.6875,9.28125],"tintindex":0,"rotation":0,"texture":"#0"}}}],"display":{"gui":{"rotation":[30,225,0]}}}