{"textures":{"0":"shadow:entity/shadow_boss"},"elements":[{"from":[6.5,6.5,-1.0],"to":[9.5,9.5,8.0],"faces":{"east":{"uv":[11.71875,7.8125,12.0,7.90625],"tintindex":0,"rotation":0,"texture":"#0"},"south":{"uv":[12.375,7.8125,12.46875,7.90625],"tintindex":0,"rotation":0,"texture":"#0"},"north":{"uv":[12.0,7.8125,12.09375,7.90625],"tintindex":0,"rotation":0,"texture":"#0"},"west":{"uv":[12.09375,7.8125,12.375,7.90625],"tintindex":0,"rotation":0,"texture":"#0"},"up":{"uv":[12.09375,7.8125,12.0,7.53125],"tintindex":0,"rotation":0,"texture":"#0"},"down":{"uv":[12.1875,7.53125,12.09375,7.8125],"tintindex":0,"rotation":0,"texture":"#0"}}},{"from":[6.5,0.5,-1.0],"to":[9.5,6.5,2.0],"faces":{"east":{"uv":[8.9375,0.71875,9.03125,0.90625],"tintindex":0,"rotation":0,"texture":"#0"},"south":{"uv":[9.21875,0.71875,9.3125,0.90625],"tintindex":0,"rotation":0,"texture":"#0"},"north":{"uv":[9.03125,0.71875,9.125,0.90625],"tintindex":0,"rotation":0,"texture":"#0"},"west":{"uv":[9.125,0.71875,9.21875,0.90625],"tintindex":0,"rotation":0,"texture":"#0"},"up":{"uv":[9.125,0.71875,9.03125,0.625],"tintindex":0,"rotation":0,"texture":"#0"},"down":{"uv":[9.21875,0.625,9.125,0.71875],"tintindex":0,"rotation":0,"texture":"#0"}}}],"display":{"gui":{"rotation":[30,225,0]}}}