{"textures":{"0":"shadow:entity/shadow_boss"},"elements":[{"from":[17.994999,5.005,7.005],"to":[20.985,9.995,8.995],"faces":{"east":{"uv":[11.84375,3.625,11.96875,3.9375],"tintindex":0,"rotation":0,"texture":"#0"},"south":{"uv":[12.28125,3.625,12.46875,3.9375],"tintindex":0,"rotation":0,"texture":"#0"},"north":{"uv":[11.96875,3.625,12.15625,3.9375],"tintindex":0,"rotation":0,"texture":"#0"},"west":{"uv":[12.15625,3.625,12.28125,3.9375],"tintindex":0,"rotation":0,"texture":"#0"},"up":{"uv":[12.15625,3.625,11.96875,3.5],"tintindex":0,"rotation":0,"texture":"#0"},"down":{"uv":[12.34375,3.5,12.15625,3.625],"tintindex":0,"rotation":0,"texture":"#0"}}},{"from":[8.005,5.005,7.005],"to":[17.994999,7.995,8.995],"faces":{"east":{"uv":[9.96875,0.125,10.09375,0.3125],"tintindex":0,"rotation":0,"texture":"#0"},"south":{"uv":[10.84375,0.125,11.46875,0.3125],"tintindex":0,"rotation":0,"texture":"#0"},"north":{"uv":[10.09375,0.125,10.71875,0.3125],"tintindex":0,"rotation":0,"texture":"#0"},"west":{"uv":[10.71875,0.125,10.84375,0.3125],"tintindex":0,"rotation":0,"texture":"#0"},"up":{"uv":[10.71875,0.125,10.09375,0.0],"tintindex":0,"rotation":0,"texture":"#0"},"down":{"uv":[11.34375,0.0,10.71875,0.125],"tintindex":0,"rotation":0,"texture":"#0"}}}],"display":{"gui":{"rotation":[30,225,0]}}}