{"textures":{"0":"shadow:entity/shadow_boss"},"elements":[{"from":[6.0,-6.0,-2.0],"to":[10.0,-2.0,6.0],"faces":{"east":{"uv":[11.8125,11.53125,12.0625,11.65625],"tintindex":0,"rotation":0,"texture":"#0"},"south":{"uv":[12.4375,11.53125,12.5625,11.65625],"tintindex":0,"rotation":0,"texture":"#0"},"north":{"uv":[12.0625,11.53125,12.1875,11.65625],"tintindex":0,"rotation":0,"texture":"#0"},"west":{"uv":[12.1875,11.53125,12.4375,11.65625],"tintindex":0,"rotation":0,"texture":"#0"},"up":{"uv":[12.1875,11.53125,12.0625,11.28125],"tintindex":0,"rotation":0,"texture":"#0"},"down":{"uv":[12.3125,11.28125,12.1875,11.53125],"tintindex":0,"rotation":0,"texture":"#0"}}},{"from":[6.0,-2.0,-2.0],"to":[10.0,4.0,2.0],"faces":{"east":{"uv":[1.375,12.28125,1.5,12.46875],"tintindex":0,"rotation":0,"texture":"#0"},"south":{"uv":[1.75,12.28125,1.875,12.46875],"tintindex":0,"rotation":0,"texture":"#0"},"north":{"uv":[1.5,12.28125,1.625,12.46875],"tintindex":0,"rotation":0,"texture":"#0"},"west":{"uv":[1.625,12.28125,1.75,12.46875],"tintindex":0,"rotation":0,"texture":"#0"},"up":{"uv":[1.625,12.28125,1.5,12.15625],"tintindex":0,"rotation":0,"texture":"#0"},"down":{"uv":[1.75,12.15625,1.625,12.28125],"tintindex":0,"rotation":0,"texture":"#0"}}},{"from":[6.0,4.0,-2.0],"to":[10.0,8.0,8.0],"faces":{"east":{"uv":[4.5,11.6875,4.8125,11.8125],"tintindex":0,"rotation":0,"texture":"#0"},"south":{"uv":[5.25,11.6875,5.375,11.8125],"tintindex":0,"rotation":0,"texture":"#0"},"north":{"uv":[4.8125,11.6875,4.9375,11.8125],"tintindex":0,"rotation":0,"texture":"#0"},"west":{"uv":[4.9375,11.6875,5.25,11.8125],"tintindex":0,"rotation":0,"texture":"#0"},"up":{"uv":[4.9375,11.6875,4.8125,11.375],"tintindex":0,"rotation":0,"texture":"#0"},"down":{"uv":[5.0625,11.375,4.9375,11.6875],"tintindex":0,"rotation":0,"texture":"#0"}}}],"display":{"gui":{"rotation":[30,225,0]}}}