{"textures":{"0":"shadow:entity/shadow_boss"},"elements":[{"from":[8.0,7.0,7.0],"to":[14.0,8.0,13.0],"faces":{"east":{"uv":[11.875,10.6875,12.0625,10.71875],"tintindex":0,"rotation":0,"texture":"#0"},"south":{"uv":[12.4375,10.6875,12.625,10.71875],"tintindex":0,"rotation":0,"texture":"#0"},"north":{"uv":[12.0625,10.6875,12.25,10.71875],"tintindex":0,"rotation":0,"texture":"#0"},"west":{"uv":[12.25,10.6875,12.4375,10.71875],"tintindex":0,"rotation":0,"texture":"#0"},"up":{"uv":[12.25,10.6875,12.0625,10.5],"tintindex":0,"rotation":0,"texture":"#0"},"down":{"uv":[12.4375,10.5,12.25,10.6875],"tintindex":0,"rotation":0,"texture":"#0"}}}],"display":{"gui":{"rotation":[30,225,0]}}}