{"textures":{"0":"shadow:entity/shadow_boss"},"elements":[{"from":[-2.0,5.5,-1.0],"to":[8.0,11.5,17.0],"faces":{"east":{"uv":[7.71875,7.78125,8.28125,7.96875],"tintindex":0,"rotation":0,"texture":"#0"},"south":{"uv":[9.15625,7.78125,9.46875,7.96875],"tintindex":0,"rotation":0,"texture":"#0"},"north":{"uv":[8.28125,7.78125,8.59375,7.96875],"tintindex":0,"rotation":0,"texture":"#0"},"west":{"uv":[8.59375,7.78125,9.15625,7.96875],"tintindex":0,"rotation":0,"texture":"#0"},"up":{"uv":[8.59375,7.78125,8.28125,7.21875],"tintindex":0,"rotation":0,"texture":"#0"},"down":{"uv":[8.90625,7.21875,8.59375,7.78125],"tintindex":0,"rotation":0,"texture":"#0"}}}],"display":{"gui":{"rotation":[30,225,0]}}}