{"textures":{"0":"shadow:entity/shadow_boss"},"elements":[{"from":[10.120527,6.0,4.1218204],"to":[10.120527,8.0,7.1218204],"faces":{"east":{"uv":[3.53125,4.4375,3.625,4.5],"tintindex":0,"rotation":0,"texture":"#0"},"west":{"uv":[3.625,4.4375,3.71875,4.5],"tintindex":0,"rotation":0,"texture":"#0"}},"rotation":{"origin":[10.12082,9.0,10.12182],"angle":45.0,"axis":"y"}},{"from":[5.8786798,6.0,1.8796797],"to":[5.8786798,8.0,5.8796797],"faces":{"east":{"uv":[3.28125,4.4375,3.40625,4.5],"tintindex":0,"rotation":0,"texture":"#0"},"west":{"uv":[3.40625,4.4375,3.53125,4.5],"tintindex":0,"rotation":0,"texture":"#0"}},"rotation":{"origin":[5.8786798,9.0,5.8796797],"angle":45.0,"axis":"y"}}],"display":{"gui":{"rotation":[30,225,0]}}}