{"textures":{"0":"shadow:entity/shadow_boss"},"elements":[{"from":[7.0,21.0,-5.5],"to":[9.0,26.0,3.5],"faces":{"east":{"uv":[2.71875,12.0,3.0,12.15625],"tintindex":0,"rotation":0,"texture":"#0"},"south":{"uv":[3.34375,12.0,3.40625,12.15625],"tintindex":0,"rotation":0,"texture":"#0"},"north":{"uv":[3.0,12.0,3.0625,12.15625],"tintindex":0,"rotation":0,"texture":"#0"},"west":{"uv":[3.0625,12.0,3.34375,12.15625],"tintindex":0,"rotation":0,"texture":"#0"},"up":{"uv":[3.0625,12.0,3.0,11.71875],"tintindex":0,"rotation":0,"texture":"#0"},"down":{"uv":[3.125,11.71875,3.0625,12.0],"tintindex":0,"rotation":0,"texture":"#0"}}},{"from":[7.0,8.0,3.5],"to":[9.0,26.0,12.5],"faces":{"east":{"uv":[7.4375,11.03125,7.71875,11.59375],"tintindex":0,"rotation":0,"texture":"#0"},"south":{"uv":[8.0625,11.03125,8.125,11.59375],"tintindex":0,"rotation":0,"texture":"#0"},"north":{"uv":[7.71875,11.03125,7.78125,11.59375],"tintindex":0,"rotation":0,"texture":"#0"},"west":{"uv":[7.78125,11.03125,8.0625,11.59375],"tintindex":0,"rotation":0,"texture":"#0"},"up":{"uv":[7.78125,11.03125,7.71875,10.75],"tintindex":0,"rotation":0,"texture":"#0"},"down":{"uv":[7.84375,10.75,7.78125,11.03125],"tintindex":0,"rotation":0,"texture":"#0"}}}],"display":{"gui":{"rotation":[30,225,0]}}}