{"textures":{"0":"shadow:entity/shadow_boss"},"elements":[{"from":[7.0,8.0,5.0],"to":[9.0,20.0,11.0],"faces":{"east":{"uv":[0.0,9.59375,0.1875,9.96875],"tintindex":0,"rotation":0,"texture":"#0"},"south":{"uv":[0.4375,9.59375,0.5,9.96875],"tintindex":0,"rotation":0,"texture":"#0"},"north":{"uv":[0.1875,9.59375,0.25,9.96875],"tintindex":0,"rotation":0,"texture":"#0"},"west":{"uv":[0.25,9.59375,0.4375,9.96875],"tintindex":0,"rotation":0,"texture":"#0"},"up":{"uv":[0.25,9.59375,0.1875,9.40625],"tintindex":0,"rotation":0,"texture":"#0"},"down":{"uv":[0.3125,9.40625,0.25,9.59375],"tintindex":0,"rotation":0,"texture":"#0"}}},{"from":[7.0,16.0,-1.0],"to":[9.0,20.0,5.0],"faces":{"east":{"uv":[3.0625,12.34375,3.25,12.46875],"tintindex":0,"rotation":0,"texture":"#0"},"south":{"uv":[3.5,12.34375,3.5625,12.46875],"tintindex":0,"rotation":0,"texture":"#0"},"north":{"uv":[3.25,12.34375,3.3125,12.46875],"tintindex":0,"rotation":0,"texture":"#0"},"west":{"uv":[3.3125,12.34375,3.5,12.46875],"tintindex":0,"rotation":0,"texture":"#0"},"up":{"uv":[3.3125,12.34375,3.25,12.15625],"tintindex":0,"rotation":0,"texture":"#0"},"down":{"uv":[3.375,12.15625,3.3125,12.34375],"tintindex":0,"rotation":0,"texture":"#0"}}}],"display":{"gui":{"rotation":[30,225,0]}}}