{"textures":{"0":"shadow:entity/shadow_bits","2":"shadow:entity/shadow_sleepground"},"elements":[{"from":[6.8768997,1.7626457,7.125412],"to":[7.5,3.0088463,8.371613],"faces":{"east":{"uv":[12.0,12.0,12.5,11.5],"tintindex":0,"rotation":270,"texture":"#0"},"south":{"uv":[12.0,11.75,12.5,12.0],"tintindex":0,"rotation":270,"texture":"#0"},"north":{"uv":[12.5,11.5,12.0,11.75],"tintindex":0,"rotation":90,"texture":"#0"},"west":{"uv":[12.0,11.5,12.5,12.0],"tintindex":0,"rotation":270,"texture":"#0"},"up":{"uv":[12.25,11.5,12.5,12.0],"tintindex":0,"rotation":0,"texture":"#0"},"down":{"uv":[12.0,11.5,12.25,12.0],"tintindex":0,"rotation":180,"texture":"#0"}},"rotation":{"origin":[17.18845,-1.6787167,5.1128745],"angle":-45.0,"axis":"x"}},{"from":[6.8768997,-0.10665321,3.3868122],"to":[7.5,0.5164461,8.994712],"faces":{"east":{"uv":[11.25,12.25,11.5,10.0],"tintindex":0,"rotation":270,"texture":"#0"},"south":{"uv":[11.25,12.0,11.5,12.25],"tintindex":0,"rotation":270,"texture":"#0"},"north":{"uv":[11.5,10.0,11.25,10.25],"tintindex":0,"rotation":90,"texture":"#0"},"west":{"uv":[11.25,10.0,11.5,12.25],"tintindex":0,"rotation":270,"texture":"#0"},"up":{"uv":[11.25,10.0,11.5,12.25],"tintindex":0,"rotation":0,"texture":"#0"},"down":{"uv":[11.25,10.0,11.5,12.25],"tintindex":0,"rotation":180,"texture":"#0"}},"rotation":{"origin":[17.18845,-1.6787167,5.1128745],"angle":-45.0,"axis":"x"}},{"from":[6.8768997,4.255046,2.1406116],"to":[7.5,4.878146,6.5023117],"faces":{"east":{"uv":[13.0,11.25,13.25,9.5],"tintindex":0,"rotation":270,"texture":"#0"},"south":{"uv":[13.0,11.0,13.25,11.25],"tintindex":0,"rotation":270,"texture":"#0"},"north":{"uv":[13.25,9.5,13.0,9.75],"tintindex":0,"rotation":90,"texture":"#0"},"west":{"uv":[13.0,9.5,13.25,11.25],"tintindex":0,"rotation":270,"texture":"#0"},"up":{"uv":[13.0,9.5,13.25,11.25],"tintindex":0,"rotation":0,"texture":"#0"},"down":{"uv":[13.0,9.5,13.25,11.25],"tintindex":0,"rotation":180,"texture":"#0"}},"rotation":{"origin":[17.18845,-1.6787167,5.1128745],"angle":-45.0,"axis":"x"}},{"from":[6.8768997,3.0088463,7.125412],"to":[7.5,3.6319466,7.7485123],"faces":{"east":{"uv":[12.5,11.75,12.75,11.5],"tintindex":0,"rotation":270,"texture":"#0"},"south":{"uv":[12.5,11.5,12.75,11.75],"tintindex":0,"rotation":270,"texture":"#0"},"north":{"uv":[12.75,11.5,12.5,11.75],"tintindex":0,"rotation":90,"texture":"#0"},"west":{"uv":[12.5,11.5,12.75,11.75],"tintindex":0,"rotation":270,"texture":"#0"},"up":{"uv":[12.5,11.5,12.75,11.75],"tintindex":0,"rotation":0,"texture":"#0"},"down":{"uv":[12.5,11.5,12.75,11.75],"tintindex":0,"rotation":180,"texture":"#0"}},"rotation":{"origin":[17.18845,-1.6787167,5.1128745],"angle":-45.0,"axis":"x"}},{"from":[6.8768997,-0.7297535,8.371613],"to":[7.5,-0.10665321,8.994712],"faces":{"east":{"uv":[11.0,12.25,11.25,12.0],"tintindex":0,"rotation":270,"texture":"#0"},"south":{"uv":[11.0,12.0,11.25,12.25],"tintindex":0,"rotation":270,"texture":"#0"},"north":{"uv":[11.25,12.0,11.0,12.25],"tintindex":0,"rotation":90,"texture":"#0"},"west":{"uv":[11.0,12.0,11.25,12.25],"tintindex":0,"rotation":270,"texture":"#0"},"up":{"uv":[11.0,12.0,11.25,12.25],"tintindex":0,"rotation":0,"texture":"#0"},"down":{"uv":[11.0,12.0,11.25,12.25],"tintindex":0,"rotation":180,"texture":"#0"}},"rotation":{"origin":[17.18845,-1.6787167,5.1128745],"angle":-45.0,"axis":"x"}},{"from":[6.24,1.75,3.75],"to":[9.74,8.0,8.25],"faces":{"east":{"uv":[6.5,7.25,6.0,8.0],"tintindex":0,"rotation":0,"texture":"#2"},"south":{"uv":[8.0,7.25,7.5,8.0],"tintindex":0,"rotation":0,"texture":"#2"},"north":{"uv":[7.0,7.25,6.5,8.0],"tintindex":0,"rotation":0,"texture":"#2"},"west":{"uv":[7.5,7.25,7.0,8.0],"tintindex":0,"rotation":0,"texture":"#2"},"up":{"uv":[6.5,6.5,6.875,6.0],"tintindex":0,"rotation":0,"texture":"#2"},"down":{"uv":[6.875,6.0,7.25,6.5],"tintindex":0,"rotation":0,"texture":"#2"}}},{"from":[6.8768997,4.878146,2.763712],"to":[7.5,5.5012465,5.256112],"faces":{"east":{"uv":[13.25,10.75,13.5,9.75],"tintindex":0,"rotation":270,"texture":"#0"},"south":{"uv":[13.25,10.5,13.5,10.75],"tintindex":0,"rotation":270,"texture":"#0"},"north":{"uv":[13.5,9.75,13.25,10.0],"tintindex":0,"rotation":90,"texture":"#0"},"west":{"uv":[13.25,9.75,13.5,10.75],"tintindex":0,"rotation":270,"texture":"#0"},"up":{"uv":[13.25,9.75,13.5,10.75],"tintindex":0,"rotation":0,"texture":"#0"},"down":{"uv":[13.25,9.75,13.5,10.75],"tintindex":0,"rotation":180,"texture":"#0"}},"rotation":{"origin":[17.18845,-1.6787167,5.1128745],"angle":-45.0,"axis":"x"}},{"from":[6.8768997,-1.975954,4.633012],"to":[7.5,-1.3528538,8.371613],"faces":{"east":{"uv":[10.5,12.0,10.75,10.5],"tintindex":0,"rotation":270,"texture":"#0"},"south":{"uv":[10.5,11.75,10.75,12.0],"tintindex":0,"rotation":270,"texture":"#0"},"north":{"uv":[10.75,10.5,10.5,10.75],"tintindex":0,"rotation":90,"texture":"#0"},"west":{"uv":[10.5,10.5,10.75,12.0],"tintindex":0,"rotation":270,"texture":"#0"},"up":{"uv":[10.5,10.5,10.75,12.0],"tintindex":0,"rotation":0,"texture":"#0"},"down":{"uv":[10.5,10.5,10.75,12.0],"tintindex":0,"rotation":180,"texture":"#0"}},"rotation":{"origin":[17.18845,-1.6787167,5.1128745],"angle":-45.0,"axis":"x"}},{"from":[6.8768997,-2.5990543,5.879212],"to":[7.5,-1.975954,7.125412],"faces":{"east":{"uv":[10.25,11.5,10.5,11.0],"tintindex":0,"rotation":270,"texture":"#0"},"south":{"uv":[10.25,11.25,10.5,11.5],"tintindex":0,"rotation":270,"texture":"#0"},"north":{"uv":[10.5,11.0,10.25,11.25],"tintindex":0,"rotation":90,"texture":"#0"},"west":{"uv":[10.25,11.0,10.5,11.5],"tintindex":0,"rotation":270,"texture":"#0"},"up":{"uv":[10.25,11.0,10.5,11.5],"tintindex":0,"rotation":0,"texture":"#0"},"down":{"uv":[10.25,11.0,10.5,11.5],"tintindex":0,"rotation":180,"texture":"#0"}},"rotation":{"origin":[17.18845,-1.6787167,5.1128745],"angle":-45.0,"axis":"x"}},{"from":[6.8768997,1.7626457,1.5175118],"to":[7.5,4.255046,7.125412],"faces":{"east":{"uv":[12.0,11.5,13.0,9.25],"tintindex":0,"rotation":270,"texture":"#0"},"south":{"uv":[12.0,11.25,13.0,11.5],"tintindex":0,"rotation":270,"texture":"#0"},"north":{"uv":[13.0,9.25,12.0,9.5],"tintindex":0,"rotation":90,"texture":"#0"},"west":{"uv":[12.0,9.25,13.0,11.5],"tintindex":0,"rotation":270,"texture":"#0"},"up":{"uv":[12.75,9.25,13.0,11.5],"tintindex":0,"rotation":0,"texture":"#0"},"down":{"uv":[12.0,9.25,12.25,11.5],"tintindex":0,"rotation":180,"texture":"#0"}},"rotation":{"origin":[17.18845,-1.6787167,5.1128745],"angle":-45.0,"axis":"x"}},{"from":[6.8768997,1.1395464,2.1406116],"to":[7.5,1.7626457,8.994712],"faces":{"east":{"uv":[11.75,12.25,12.0,9.5],"tintindex":0,"rotation":270,"texture":"#0"},"south":{"uv":[11.75,12.0,12.0,12.25],"tintindex":0,"rotation":270,"texture":"#0"},"north":{"uv":[12.0,9.5,11.75,9.75],"tintindex":0,"rotation":90,"texture":"#0"},"west":{"uv":[11.75,9.5,12.0,12.25],"tintindex":0,"rotation":270,"texture":"#0"},"up":{"uv":[11.75,9.5,12.0,12.25],"tintindex":0,"rotation":0,"texture":"#0"},"down":{"uv":[11.75,9.5,12.0,12.25],"tintindex":0,"rotation":180,"texture":"#0"}},"rotation":{"origin":[17.18845,-1.6787167,5.1128745],"angle":-45.0,"axis":"x"}},{"from":[6.8768997,-1.3528538,4.009912],"to":[7.5,-0.10665321,8.371613],"faces":{"east":{"uv":[10.75,12.0,11.25,10.25],"tintindex":0,"rotation":270,"texture":"#0"},"south":{"uv":[10.75,11.75,11.25,12.0],"tintindex":0,"rotation":270,"texture":"#0"},"north":{"uv":[11.25,10.25,10.75,10.5],"tintindex":0,"rotation":90,"texture":"#0"},"west":{"uv":[10.75,10.25,11.25,12.0],"tintindex":0,"rotation":270,"texture":"#0"},"up":{"uv":[11.0,10.25,11.25,12.0],"tintindex":0,"rotation":0,"texture":"#0"},"down":{"uv":[10.75,10.25,11.0,12.0],"tintindex":0,"rotation":180,"texture":"#0"}},"rotation":{"origin":[17.18845,-1.6787167,5.1128745],"angle":-45.0,"axis":"x"}},{"from":[6.8768997,0.5164461,2.763712],"to":[7.5,1.1395464,8.994712],"faces":{"east":{"uv":[11.5,12.25,11.75,9.75],"tintindex":0,"rotation":270,"texture":"#0"},"south":{"uv":[11.5,12.0,11.75,12.25],"tintindex":0,"rotation":270,"texture":"#0"},"north":{"uv":[11.75,9.75,11.5,10.0],