{"textures":{"0":"shadow:entity/shadow_boss"},"elements":[{"from":[7.0,24.666668,9.0],"to":[9.0,25.666668,10.0],"faces":{"east":{"uv":[7.65625,7.3125,7.75,7.40625],"tintindex":0,"rotation":0,"texture":"#0"},"south":{"uv":[8.03125,7.3125,8.21875,7.40625],"tintindex":0,"rotation":0,"texture":"#0"},"north":{"uv":[7.75,7.3125,7.9375,7.40625],"tintindex":0,"rotation":0,"texture":"#0"},"west":{"uv":[7.9375,7.3125,8.03125,7.40625],"tintindex":0,"rotation":0,"texture":"#0"},"up":{"uv":[7.9375,7.3125,7.75,7.21875],"tintindex":0,"rotation":0,"texture":"#0"},"down":{"uv":[8.125,7.21875,7.9375,7.3125],"tintindex":0,"rotation":0,"texture":"#0"}}},{"from":[6.6666665,25.333334,7.6666665],"to":[9.333333,27.333334,9.666667],"faces":{"east":{"uv":[11.46875,2.8125,11.65625,3.0],"tintindex":0,"rotation":0,"texture":"#0"},"south":{"uv":[12.09375,2.8125,12.34375,3.0],"tintindex":0,"rotation":0,"texture":"#0"},"north":{"uv":[11.65625,2.8125,11.90625,3.0],"tintindex":0,"rotation":0,"texture":"#0"},"west":{"uv":[11.90625,2.8125,12.09375,3.0],"tintindex":0,"rotation":0,"texture":"#0"},"up":{"uv":[11.90625,2.8125,11.65625,2.625],"tintindex":0,"rotation":0,"texture":"#0"},"down":{"uv":[12.15625,2.625,11.90625,2.8125],"tintindex":0,"rotation":0,"texture":"#0"}}}],"display":{"gui":{"rotation":[30,225,0]}}}