{"textures":{"0":"shadow:entity/shadow_boss"},"elements":[{"from":[6.0,-6.0,-2.0],"to":[10.0,-2.0,6.0],"faces":{"east":{"uv":[4.375,12.0625,4.625,12.1875],"tintindex":0,"rotation":0,"texture":"#0"},"south":{"uv":[5.0,12.0625,5.125,12.1875],"tintindex":0,"rotation":0,"texture":"#0"},"north":{"uv":[4.625,12.0625,4.75,12.1875],"tintindex":0,"rotation":0,"texture":"#0"},"west":{"uv":[4.75,12.0625,5.0,12.1875],"tintindex":0,"rotation":0,"texture":"#0"},"up":{"uv":[4.75,12.0625,4.625,11.8125],"tintindex":0,"rotation":0,"texture":"#0"},"down":{"uv":[4.875,11.8125,4.75,12.0625],"tintindex":0,"rotation":0,"texture":"#0"}}},{"from":[6.0,-2.0,-2.0],"to":[10.0,4.0,2.0],"faces":{"east":{"uv":[12.0625,0.875,12.1875,1.0625],"tintindex":0,"rotation":0,"texture":"#0"},"south":{"uv":[12.4375,0.875,12.5625,1.0625],"tintindex":0,"rotation":0,"texture":"#0"},"north":{"uv":[12.1875,0.875,12.3125,1.0625],"tintindex":0,"rotation":0,"texture":"#0"},"west":{"uv":[12.3125,0.875,12.4375,1.0625],"tintindex":0,"rotation":0,"texture":"#0"},"up":{"uv":[12.3125,0.875,12.1875,0.75],"tintindex":0,"rotation":0,"texture":"#0"},"down":{"uv":[12.4375,0.75,12.3125,0.875],"tintindex":0,"rotation":0,"texture":"#0"}}},{"from":[6.0,4.0,-2.0],"to":[10.0,8.0,8.0],"faces":{"east":{"uv":[11.34375,7.40625,11.65625,7.53125],"tintindex":0,"rotation":0,"texture":"#0"},"south":{"uv":[12.09375,7.40625,12.21875,7.53125],"tintindex":0,"rotation":0,"texture":"#0"},"north":{"uv":[11.65625,7.40625,11.78125,7.53125],"tintindex":0,"rotation":0,"texture":"#0"},"west":{"uv":[11.78125,7.40625,12.09375,7.53125],"tintindex":0,"rotation":0,"texture":"#0"},"up":{"uv":[11.78125,7.40625,11.65625,7.09375],"tintindex":0,"rotation":0,"texture":"#0"},"down":{"uv":[11.90625,7.09375,11.78125,7.40625],"tintindex":0,"rotation":0,"texture":"#0"}}}],"display":{"gui":{"rotation":[30,225,0]}}}