{"textures":{"0":"shadow:entity/shadow_boss"},"elements":[{"from":[6.0,-6.0,-2.0],"to":[10.0,-2.0,6.0],"faces":{"east":{"uv":[10.15625,12.03125,10.40625,12.15625],"tintindex":0,"rotation":0,"texture":"#0"},"south":{"uv":[10.78125,12.03125,10.90625,12.15625],"tintindex":0,"rotation":0,"texture":"#0"},"north":{"uv":[10.40625,12.03125,10.53125,12.15625],"tintindex":0,"rotation":0,"texture":"#0"},"west":{"uv":[10.53125,12.03125,10.78125,12.15625],"tintindex":0,"rotation":0,"texture":"#0"},"up":{"uv":[10.53125,12.03125,10.40625,11.78125],"tintindex":0,"rotation":0,"texture":"#0"},"down":{"uv":[10.65625,11.78125,10.53125,12.03125],"tintindex":0,"rotation":0,"texture":"#0"}}},{"from":[6.0,-2.0,-2.0],"to":[10.0,4.0,2.0],"faces":{"east":{"uv":[0.0,12.1875,0.125,12.375],"tintindex":0,"rotation":0,"texture":"#0"},"south":{"uv":[0.375,12.1875,0.5,12.375],"tintindex":0,"rotation":0,"texture":"#0"},"north":{"uv":[0.125,12.1875,0.25,12.375],"tintindex":0,"rotation":0,"texture":"#0"},"west":{"uv":[0.25,12.1875,0.375,12.375],"tintindex":0,"rotation":0,"texture":"#0"},"up":{"uv":[0.25,12.1875,0.125,12.0625],"tintindex":0,"rotation":0,"texture":"#0"},"down":{"uv":[0.375,12.0625,0.25,12.1875],"tintindex":0,"rotation":0,"texture":"#0"}}},{"from":[6.0,4.0,-2.0],"to":[10.0,8.0,8.0],"faces":{"east":{"uv":[11.28125,5.40625,11.59375,5.53125],"tintindex":0,"rotation":0,"texture":"#0"},"south":{"uv":[12.03125,5.40625,12.15625,5.53125],"tintindex":0,"rotation":0,"texture":"#0"},"north":{"uv":[11.59375,5.40625,11.71875,5.53125],"tintindex":0,"rotation":0,"texture":"#0"},"west":{"uv":[11.71875,5.40625,12.03125,5.53125],"tintindex":0,"rotation":0,"texture":"#0"},"up":{"uv":[11.71875,5.40625,11.59375,5.09375],"tintindex":0,"rotation":0,"texture":"#0"},"down":{"uv":[11.84375,5.09375,11.71875,5.40625],"tintindex":0,"rotation":0,"texture":"#0"}}}],"display":{"gui":{"rotation":[30,225,0]}}}