{"textures":{"0":"shadow:entity/shadow_boss"},"elements":[{"from":[7.0,8.0,5.0],"to":[9.0,20.0,11.0],"faces":{"east":{"uv":[0.6875,9.59375,0.875,9.96875],"tintindex":0,"rotation":0,"texture":"#0"},"south":{"uv":[1.125,9.59375,1.1875,9.96875],"tintindex":0,"rotation":0,"texture":"#0"},"north":{"uv":[0.875,9.59375,0.9375,9.96875],"tintindex":0,"rotation":0,"texture":"#0"},"west":{"uv":[0.9375,9.59375,1.125,9.96875],"tintindex":0,"rotation":0,"texture":"#0"},"up":{"uv":[0.9375,9.59375,0.875,9.40625],"tintindex":0,"rotation":0,"texture":"#0"},"down":{"uv":[1.0,9.40625,0.9375,9.59375],"tintindex":0,"rotation":0,"texture":"#0"}}},{"from":[7.0,16.0,-1.0],"to":[9.0,20.0,5.0],"faces":{"east":{"uv":[12.15625,5.40625,12.34375,5.53125],"tintindex":0,"rotation":0,"texture":"#0"},"south":{"uv":[12.59375,5.40625,12.65625,5.53125],"tintindex":0,"rotation":0,"texture":"#0"},"north":{"uv":[12.34375,5.40625,12.40625,5.53125],"tintindex":0,"rotation":0,"texture":"#0"},"west":{"uv":[12.40625,5.40625,12.59375,5.53125],"tintindex":0,"rotation":0,"texture":"#0"},"up":{"uv":[12.40625,5.40625,12.34375,5.21875],"tintindex":0,"rotation":0,"texture":"#0"},"down":{"uv":[12.46875,5.21875,12.40625,5.40625],"tintindex":0,"rotation":0,"texture":"#0"}}}],"display":{"gui":{"rotation":[30,225,0]}}}