{"textures":{"0":"shadow:entity/shadow_boss"},"elements":[{"from":[7.5,-9.0,7.5],"to":[8.5,9.0,8.5],"faces":{"east":{"uv":[15.5,13.25,15.53125,13.8125],"tintindex":0,"rotation":0,"texture":"#0"},"south":{"uv":[15.59375,13.25,15.625,13.8125],"tintindex":0,"rotation":0,"texture":"#0"},"north":{"uv":[15.53125,13.25,15.5625,13.8125],"tintindex":0,"rotation":0,"texture":"#0"},"west":{"uv":[15.5625,13.25,15.59375,13.8125],"tintindex":0,"rotation":0,"texture":"#0"},"up":{"uv":[15.5625,13.25,15.53125,13.21875],"tintindex":0,"rotation":0,"texture":"#0"},"down":{"uv":[15.59375,13.21875,15.5625,13.25],"tintindex":0,"rotation":0,"texture":"#0"}}}],"display":{"gui":{"rotation":[30,225,0]}}}