{"textures":{"0":"shadow:entity/shadow_boss"},"elements":[{"from":[4.0,2.0,2.0],"to":[12.0,8.0,8.0],"faces":{"east":{"uv":[11.5,4.59375,11.6875,4.78125],"tintindex":0,"rotation":0,"texture":"#0"},"south":{"uv":[12.125,4.59375,12.375,4.78125],"tintindex":0,"rotation":0,"texture":"#0"},"north":{"uv":[11.6875,4.59375,11.9375,4.78125],"tintindex":0,"rotation":0,"texture":"#0"},"west":{"uv":[11.9375,4.59375,12.125,4.78125],"tintindex":0,"rotation":0,"texture":"#0"},"up":{"uv":[11.9375,4.59375,11.6875,4.40625],"tintindex":0,"rotation":0,"texture":"#0"},"down":{"uv":[12.1875,4.40625,11.9375,4.59375],"tintindex":0,"rotation":0,"texture":"#0"}}},{"from":[5.0,0.0,1.0],"to":[11.0,3.0,4.0],"faces":{"east":{"uv":[8.03125,1.71875,8.125,1.8125],"tintindex":0,"rotation":0,"texture":"#0"},"south":{"uv":[8.40625,1.71875,8.59375,1.8125],"tintindex":0,"rotation":0,"texture":"#0"},"north":{"uv":[8.125,1.71875,8.3125,1.8125],"tintindex":0,"rotation":0,"texture":"#0"},"west":{"uv":[8.3125,1.71875,8.40625,1.8125],"tintindex":0,"rotation":0,"texture":"#0"},"up":{"uv":[8.3125,1.71875,8.125,1.625],"tintindex":0,"rotation":0,"texture":"#0"},"down":{"uv":[8.5,1.625,8.3125,1.71875],"tintindex":0,"rotation":0,"texture":"#0"}}}],"display":{"gui":{"rotation":[30,225,0]}}}