{"textures":{"0":"shadow:entity/shadow_boss"},"elements":[{"from":[-7.0,5.0,5.0],"to":[-5.0,11.0,11.0],"faces":{"east":{"uv":[9.3125,10.84375,9.6875,11.21875],"tintindex":0,"rotation":0,"texture":"#0"},"south":{"uv":[10.1875,10.84375,10.3125,11.21875],"tintindex":0,"rotation":0,"texture":"#0"},"north":{"uv":[9.6875,10.84375,9.8125,11.21875],"tintindex":0,"rotation":0,"texture":"#0"},"west":{"uv":[9.8125,10.84375,10.1875,11.21875],"tintindex":0,"rotation":0,"texture":"#0"},"up":{"uv":[9.8125,10.84375,9.6875,10.46875],"tintindex":0,"rotation":0,"texture":"#0"},"down":{"uv":[9.9375,10.46875,9.8125,10.84375],"tintindex":0,"rotation":0,"texture":"#0"}}},{"from":[-6.5,6.0,6.0],"to":[-5.0,10.0,10.0],"faces":{"east":{"uv":[5.28125,6.46875,5.53125,6.71875],"tintindex":0,"rotation":0,"texture":"#0"},"south":{"uv":[5.875,6.46875,5.96875,6.71875],"tintindex":0,"rotation":0,"texture":"#0"},"north":{"uv":[5.53125,6.46875,5.625,6.71875],"tintindex":0,"rotation":0,"texture":"#0"},"west":{"uv":[5.625,6.46875,5.875,6.71875],"tintindex":0,"rotation":0,"texture":"#0"},"up":{"uv":[5.625,6.46875,5.53125,6.21875],"tintindex":0,"rotation":0,"texture":"#0"},"down":{"uv":[5.71875,6.21875,5.625,6.46875],"tintindex":0,"rotation":0,"texture":"#0"}}},{"from":[-5.0,5.0,5.0],"to":[8.0,11.0,11.0],"faces":{"east":{"uv":[2.375,5.0,2.75,5.375],"tintindex":0,"rotation":0,"texture":"#0"},"south":{"uv":[3.9375,5.0,4.75,5.375],"tintindex":0,"rotation":0,"texture":"#0"},"north":{"uv":[2.75,5.0,3.5625,5.375],"tintindex":0,"rotation":0,"texture":"#0"},"west":{"uv":[3.5625,5.0,3.9375,5.375],"tintindex":0,"rotation":0,"texture":"#0"},"up":{"uv":[3.5625,5.0,2.75,4.625],"tintindex":0,"rotation":0,"texture":"#0"},"down":{"uv":[4.375,4.625,3.5625,5.0],"tintindex":0,"rotation":0,"texture":"#0"}}},{"from":[-10.0,7.0,7.0],"to":[-6.0,9.0,9.0],"faces":{"east":{"uv":[11.71875,0.125,11.84375,0.25],"tintindex":0,"rotation":0,"texture":"#0"},"south":{"uv":[12.21875,0.125,12.46875,0.25],"tintindex":0,"rotation":0,"texture":"#0"},"north":{"uv":[11.84375,0.125,12.09375,0.25],"tintindex":0,"rotation":0,"texture":"#0"},"west":{"uv":[12.09375,0.125,12.21875,0.25],"tintindex":0,"rotation":0,"texture":"#0"},"up":{"uv":[12.09375,0.125,11.84375,0.0],"tintindex":0,"rotation":0,"texture":"#0"},"down":{"uv":[12.34375,0.0,12.09375,0.125],"tintindex":0,"rotation":0,"texture":"#0"}}}],"display":{"gui":{"rotation":[30,225,0]}}}