{"textures":{"0":"shadow:entity/shadow_boss"},"elements":[{"from":[-1.9949999,5.005,7.005],"to":[7.995,7.995,8.995],"faces":{"east":{"uv":[9.71875,1.9375,9.84375,2.125],"tintindex":0,"rotation":0,"texture":"#0"},"south":{"uv":[10.59375,1.9375,11.21875,2.125],"tintindex":0,"rotation":0,"texture":"#0"},"north":{"uv":[9.84375,1.9375,10.46875,2.125],"tintindex":0,"rotation":0,"texture":"#0"},"west":{"uv":[10.46875,1.9375,10.59375,2.125],"tintindex":0,"rotation":0,"texture":"#0"},"up":{"uv":[10.46875,1.9375,9.84375,1.8125],"tintindex":0,"rotation":0,"texture":"#0"},"down":{"uv":[11.09375,1.8125,10.46875,1.9375],"tintindex":0,"rotation":0,"texture":"#0"}}},{"from":[-4.9849997,5.005,7.005],"to":[-1.9949999,9.995,8.995],"faces":{"east":{"uv":[7.53125,8.09375,7.65625,8.40625],"tintindex":0,"rotation":0,"texture":"#0"},"south":{"uv":[7.96875,8.09375,8.15625,8.40625],"tintindex":0,"rotation":0,"texture":"#0"},"north":{"uv":[7.65625,8.09375,7.84375,8.40625],"tintindex":0,"rotation":0,"texture":"#0"},"west":{"uv":[7.84375,8.09375,7.96875,8.40625],"tintindex":0,"rotation":0,"texture":"#0"},"up":{"uv":[7.84375,8.09375,7.65625,7.96875],"tintindex":0,"rotation":0,"texture":"#0"},"down":{"uv":[8.03125,7.96875,7.84375,8.09375],"tintindex":0,"rotation":0,"texture":"#0"}}}],"display":{"gui":{"rotation":[30,225,0]}}}