{"textures":{"0":"shadow:entity/shadow_boss"},"elements":[{"from":[1.0,8.0,5.0],"to":[15.0,20.0,11.0],"faces":{"east":{"uv":[6.5625,10.21875,6.75,10.59375],"tintindex":0,"rotation":0,"texture":"#0"},"south":{"uv":[7.375,10.21875,7.8125,10.59375],"tintindex":0,"rotation":0,"texture":"#0"},"north":{"uv":[6.75,10.21875,7.1875,10.59375],"tintindex":0,"rotation":0,"texture":"#0"},"west":{"uv":[7.1875,10.21875,7.375,10.59375],"tintindex":0,"rotation":0,"texture":"#0"},"up":{"uv":[7.1875,10.21875,6.75,10.03125],"tintindex":0,"rotation":0,"texture":"#0"},"down":{"uv":[7.625,10.03125,7.1875,10.21875],"tintindex":0,"rotation":0,"texture":"#0"}}}],"display":{"gui":{"rotation":[30,225,0]}}}