{"textures":{"0":"shadow:entity/shadow_boss"},"elements":[{"from":[2.0,7.0,7.0],"to":[8.0,8.0,13.0],"faces":{"east":{"uv":[11.78125,2.21875,11.96875,2.25],"tintindex":0,"rotation":0,"texture":"#0"},"south":{"uv":[12.34375,2.21875,12.53125,2.25],"tintindex":0,"rotation":0,"texture":"#0"},"north":{"uv":[11.96875,2.21875,12.15625,2.25],"tintindex":0,"rotation":0,"texture":"#0"},"west":{"uv":[12.15625,2.21875,12.34375,2.25],"tintindex":0,"rotation":0,"texture":"#0"},"up":{"uv":[12.15625,2.21875,11.96875,2.03125],"tintindex":0,"rotation":0,"texture":"#0"},"down":{"uv":[12.34375,2.03125,12.15625,2.21875],"tintindex":0,"rotation":0,"texture":"#0"}}}],"display":{"gui":{"rotation":[30,225,0]}}}