{"textures":{"0":"shadow:entity/shadow_boss"},"elements":[{"from":[10.121321,6.0,5.8796797],"to":[14.121321,8.0,5.8796797],"faces":{"south":{"uv":[1.84375,3.34375,1.71875,3.40625],"tintindex":0,"rotation":0,"texture":"#0"},"north":{"uv":[1.71875,3.34375,1.59375,3.40625],"tintindex":0,"rotation":0,"texture":"#0"}}},{"from":[5.8794727,6.0,4.1218204],"to":[5.8794727,9.0,7.1218204],"faces":{"east":{"uv":[2.53125,3.84375,2.4375,3.9375],"tintindex":0,"rotation":0,"texture":"#0"},"west":{"uv":[2.4375,3.84375,2.34375,3.9375],"tintindex":0,"rotation":0,"texture":"#0"}},"rotation":{"origin":[5.87918,9.0,10.12182],"angle":-45.0,"axis":"y"}}],"display":{"gui":{"rotation":[30,225,0]}}}