{"textures":{"0":"shadow:entity/shadow_boss"},"elements":[{"from":[7.25,-5.0,7.25],"to":[8.75,3.0,8.75],"faces":{"east":{"uv":[11.34375,12.03125,11.4375,12.53125],"tintindex":0,"rotation":0,"texture":"#0"},"south":{"uv":[11.625,12.03125,11.71875,12.53125],"tintindex":0,"rotation":0,"texture":"#0"},"north":{"uv":[11.4375,12.03125,11.53125,12.53125],"tintindex":0,"rotation":0,"texture":"#0"},"west":{"uv":[11.53125,12.03125,11.625,12.53125],"tintindex":0,"rotation":0,"texture":"#0"},"up":{"uv":[11.53125,12.03125,11.4375,11.9375],"tintindex":0,"rotation":0,"texture":"#0"},"down":{"uv":[11.625,11.9375,11.53125,12.03125],"tintindex":0,"rotation":0,"texture":"#0"}}},{"from":[6.0,3.0,6.0],"to":[10.0,8.0,10.0],"faces":{"east":{"uv":[4.5625,11.0625,4.8125,11.375],"tintindex":0,"rotation":0,"texture":"#0"},"south":{"uv":[5.3125,11.0625,5.5625,11.375],"tintindex":0,"rotation":0,"texture":"#0"},"north":{"uv":[4.8125,11.0625,5.0625,11.375],"tintindex":0,"rotation":0,"texture":"#0"},"west":{"uv":[5.0625,11.0625,5.3125,11.375],"tintindex":0,"rotation":0,"texture":"#0"},"up":{"uv":[5.0625,11.0625,4.8125,10.8125],"tintindex":0,"rotation":0,"texture":"#0"},"down":{"uv":[5.3125,10.8125,5.0625,11.0625],"tintindex":0,"rotation":0,"texture":"#0"}}},{"from":[10.0,3.0,10.0],"to":[6.0,1.0,6.0],"faces":{"east":{"uv":[11.46875,6.71875,11.71875,6.59375],"tintindex":0,"rotation":0,"texture":"#0"},"south":{"uv":[11.21875,6.71875,11.46875,6.59375],"tintindex":0,"rotation":0,"texture":"#0"},"north":{"uv":[11.71875,6.71875,11.96875,6.59375],"tintindex":0,"rotation":0,"texture":"#0"},"west":{"uv":[10.96875,6.71875,11.21875,6.59375],"tintindex":0,"rotation":0,"texture":"#0"},"up":{"uv":[11.46875,6.34375,11.71875,6.59375],"tintindex":0,"rotation":0,"texture":"#0"},"down":{"uv":[11.21875,6.59375,11.46875,6.34375],"tintindex":0,"rotation":0,"texture":"#0"}}},{"from":[6.0,1.0,6.0],"to":[10.0,3.0,10.0],"faces":{"east":{"uv":[10.96875,6.59375,11.21875,6.71875],"tintindex":0,"rotation":0,"texture":"#0"},"south":{"uv":[11.71875,6.59375,11.96875,6.71875],"tintindex":0,"rotation":0,"texture":"#0"},"north":{"uv":[11.21875,6.59375,11.46875,6.71875],"tintindex":0,"rotation":0,"texture":"#0"},"west":{"uv":[11.46875,6.59375,11.71875,6.71875],"tintindex":0,"rotation":0,"texture":"#0"},"up":{"uv":[11.46875,6.59375,11.21875,6.34375],"tintindex":0,"rotation":0,"texture":"#0"},"down":{"uv":[11.71875,6.34375,11.46875,6.59375],"tintindex":0,"rotation":0,"texture":"#0"}}}],"display":{"gui":{"rotation":[30,225,0]}}}