{"textures":{"0":"shadow:entity/shadow_boss"},"elements":[{"from":[8.0,5.5,-1.0],"to":[18.0,11.5,17.0],"faces":{"east":{"uv":[7.40625,4.46875,7.96875,4.65625],"tintindex":0,"rotation":0,"texture":"#0"},"south":{"uv":[8.84375,4.46875,9.15625,4.65625],"tintindex":0,"rotation":0,"texture":"#0"},"north":{"uv":[7.96875,4.46875,8.28125,4.65625],"tintindex":0,"rotation":0,"texture":"#0"},"west":{"uv":[8.28125,4.46875,8.84375,4.65625],"tintindex":0,"rotation":0,"texture":"#0"},"up":{"uv":[8.28125,4.46875,7.96875,3.90625],"tintindex":0,"rotation":0,"texture":"#0"},"down":{"uv":[8.59375,3.90625,8.28125,4.46875],"tintindex":0,"rotation":0,"texture":"#0"}}}],"display":{"gui":{"rotation":[30,225,0]}}}