{"textures":{"0":"shadow:entity/shadow_boss"},"elements":[{"from":[5.8794727,6.0,4.1218204],"to":[5.8794727,8.0,7.1218204],"faces":{"east":{"uv":[3.71875,4.4375,3.625,4.5],"tintindex":0,"rotation":0,"texture":"#0"},"west":{"uv":[3.625,4.4375,3.53125,4.5],"tintindex":0,"rotation":0,"texture":"#0"}},"rotation":{"origin":[5.87918,9.0,10.12182],"angle":-45.0,"axis":"y"}},{"from":[10.121321,6.0,5.8796797],"to":[14.121321,8.0,5.8796797],"faces":{"south":{"uv":[3.53125,4.4375,3.40625,4.5],"tintindex":0,"rotation":0,"texture":"#0"},"north":{"uv":[3.40625,4.4375,3.28125,4.5],"tintindex":0,"rotation":0,"texture":"#0"}}}],"display":{"gui":{"rotation":[30,225,0]}}}