{"textures":{"0":"shadow:entity/shadow_boss"},"elements":[{"from":[2.0,4.0,0.0],"to":[14.0,12.0,8.0],"faces":{"east":{"uv":[10.59375,3.625,10.84375,3.875],"tintindex":0,"rotation":0,"texture":"#0"},"south":{"uv":[11.46875,3.625,11.84375,3.875],"tintindex":0,"rotation":0,"texture":"#0"},"north":{"uv":[10.84375,3.625,11.21875,3.875],"tintindex":0,"rotation":0,"texture":"#0"},"west":{"uv":[11.21875,3.625,11.46875,3.875],"tintindex":0,"rotation":0,"texture":"#0"},"up":{"uv":[11.21875,3.625,10.84375,3.375],"tintindex":0,"rotation":0,"texture":"#0"},"down":{"uv":[11.59375,3.375,11.21875,3.625],"tintindex":0,"rotation":0,"texture":"#0"}}}],"display":{"gui":{"rotation":[30,225,0]}}}