{"textures":{"0":"shadow:entity/shadow_boss"},"elements":[{"from":[7.995001,-8.0,7.25],"to":[7.995001,8.0,8.75],"faces":{"east":{"uv":[7.84375,10.03125,7.9375,11.03125],"tintindex":0,"rotation":0,"texture":"#0"},"west":{"uv":[7.9375,10.03125,8.03125,11.03125],"tintindex":0,"rotation":0,"texture":"#0"}}},{"from":[7.25,-8.0,8.0],"to":[8.75,8.0,8.0],"faces":{"south":{"uv":[5.46875,11.375,5.5625,12.375],"tintindex":0,"rotation":0,"texture":"#0"},"north":{"uv":[5.375,11.375,5.46875,12.375],"tintindex":0,"rotation":0,"texture":"#0"}}}],"display":{"gui":{"rotation":[30,225,0]}}}