{"textures":{"0":"shadow:entity/shadow_boss"},"elements":[{"from":[7.5,7.0,7.5],"to":[8.5,26.0,8.5],"faces":{"east":{"uv":[5.5625,12.34375,5.59375,12.9375],"tintindex":0,"rotation":0,"texture":"#0"},"south":{"uv":[5.65625,12.34375,5.6875,12.9375],"tintindex":0,"rotation":0,"texture":"#0"},"north":{"uv":[5.59375,12.34375,5.625,12.9375],"tintindex":0,"rotation":0,"texture":"#0"},"west":{"uv":[5.625,12.34375,5.65625,12.9375],"tintindex":0,"rotation":0,"texture":"#0"},"up":{"uv":[5.625,12.34375,5.59375,12.3125],"tintindex":0,"rotation":0,"texture":"#0"},"down":{"uv":[5.65625,12.3125,5.625,12.34375],"tintindex":0,"rotation":0,"texture":"#0"}}}],"display":{"gui":{"rotation":[30,225,0]}}}