{"textures":{"0":"shadow:entity/shadow_boss"},"elements":[{"from":[5.0,8.0,6.0],"to":[11.0,16.0,10.0],"faces":{"east":{"uv":[1.5625,10.65625,1.6875,10.90625],"tintindex":0,"rotation":0,"texture":"#0"},"south":{"uv":[2.0,10.65625,2.1875,10.90625],"tintindex":0,"rotation":0,"texture":"#0"},"north":{"uv":[1.6875,10.65625,1.875,10.90625],"tintindex":0,"rotation":0,"texture":"#0"},"west":{"uv":[1.875,10.65625,2.0,10.90625],"tintindex":0,"rotation":0,"texture":"#0"},"up":{"uv":[1.875,10.65625,1.6875,10.53125],"tintindex":0,"rotation":0,"texture":"#0"},"down":{"uv":[2.0625,10.53125,1.875,10.65625],"tintindex":0,"rotation":0,"texture":"#0"}}}],"display":{"gui":{"rotation":[30,225,0]}}}